<?xml version="1.0" encoding="UTF-8"?>
<beans xmlns="http://www.springframework.org/schema/beans"
	xmlns:xsi="http://www.w3.org/2001/XMLSchema-instance"
	xmlns:context="http://www.springframework.org/schema/context"
	xmlns:mvc="http://www.springframework.org/schema/mvc"
	xsi:schemaLocation="http://www.springframework.org/schema/mvc http://www.springframework.org/schema/mvc/spring-mvc-4.1.xsd
		http://www.springframework.org/schema/beans http://www.springframework.org/schema/beans/spring-beans-2.0.xsd
		http://www.springframework.org/schema/context http://www.springframework.org/schema/context/spring-context-4.1.xsd">

	<!-- 定义数据源 -->
	<bean id="ds"
		class="org.apache.commons.dbcp.BasicDataSource"
		destroy-method="close">
		<property name="url" value="jdbc:mysql://localhost:3306/books?useUnicode=yes&amp;characterEncoding=utf-8"/>
		<property name="driverClassName" value="com.mysql.jdbc.Driver"/>
		<property name="username" value="root"/>
		<property name="password" value="root"/>
	</bean>

	<!-- 定义sqlSessionFactory -->
	 <bean id="sqlSessionFactory" class="org.mybatis.spring.SqlSessionFactoryBean">  
       <property name="dataSource" ref="ds" />  
       <property name="mapperLocations" value="classpath:com/wen/dao/*.xml" />  
       <property name="typeAliasesPackage" value="com.wen.entity" />
	</bean> 

	<!-- 扫描DAO组件Mapper接口所在包名，Spring会自动查找其下的Mapper --> 
    <bean class="org.mybatis.spring.mapper.MapperScannerConfigurer">
       <property name="basePackage" value="com.wen.dao" />
       <property name="sqlSessionFactoryBeanName" value="sqlSessionFactory"></property>
      <!--   <property name="annotationClass" 
           value="com.huo.dao.MyBatisRepository"/> -->
	</bean>

	<!-- 开启IOC注解扫描 -->
	<context:component-scan base-package="com.wen"></context:component-scan>
	
	<!-- 开启MVC注解扫描 -->
	<mvc:annotation-driven />
	
	<!-- 处理请求转发 -->
	<bean class="org.springframework.web.servlet.view.InternalResourceViewResolver">
		<property name="prefix" value="/"/>
		<property name="suffix" value=".jsp"/>
	</bean>
	
	<bean class="org.mybatis.spring.mapper.MapperScannerConfigurer">  
    <!--指定要扫描包： 多个包用逗号隔开 -->  
	    <property name="basePackage" value="com.wen" />  
	    <!--指定sqlSessionFactory -->  
	    <property name="sqlSessionFactory" ref="sqlSessionFactory"></property>  
	</bean> 
</beans>
