<?xml version="1.0" encoding="UTF-8"?>
<!DOCTYPE mapper PUBLIC "-//mybatis.org//DTD Mapper 3.0//EN" "http://mybatis.org/dtd/mybatis-3-mapper.dtd">
<mapper namespace="com.wen.dao.AdminMapper">
	
	<!-- 登录验证 -->
	<select id="dologinadmin" resultType="User">
		select * from user where name=#{0} and password=#{1}
	</select>
	
	<!-- 查询所有图书信息 -->
	<select id="findAllBook" resultType="Book">
		select * from book
	</select>
	
	<!-- 查询所有的图书种类 -->
	<select id="findAlltype" resultType="Type">
		select * from type
	</select>
	
	<!-- 根据ID查询一本书 -->
	<select id="findByid" parameterType="int" resultMap="bookMap">
		select * from book where id=#{id}
	</select>
	
	<!-- 图书分页 -->
	<select id="findAllBookFy" resultType="Book">
		select * from book limit #{0},#{1}
	</select>
	
	<!-- 关键字查询 -->
	<select id="findByKey" resultType="Book">
		select * from book where name like #{key}
	</select>
	
	<!-- 用户关键字查询 -->
	<select id="findByuserKey" resultType="User">
		select * from user where name like #{key}
	</select>
	
	<!-- 修改图书 -->
	<update id="updateBook" parameterType="Book">
		update book set name=#{name},typeId=#{typeId},author=#{author},publisher=#{publisher},ISBN=#{ISBN},price=#{price},images=#{images},number=#{number},publishtime=#{publishtime},uptime=#{uptime},discount=#{discount},tuijian=#{tuijian},description=#{description} where id=#{id}
	</update>
	
	<!-- 查询最大图书ID号 -->
	<select id="findMaxbookid" resultType="int">
		select max(id) from book
	</select>
	
	<!-- 新增一本书 -->
	<insert id="insert" parameterType="Book">
		insert into book(name,typeId,author,publisher,ISBN,price,images,number,publishtime,uptime,discount,tuijian,description)
		values(#{name},#{typeId},#{author},#{publisher},#{ISBN},#{price},#{images},#{number},#{publishtime},#{uptime},#{discount},#{tuijian},#{description})
	</insert>
	
	<!-- 一对一图书对应TypeId -->
	<resultMap type="Book" id="bookMap">
		<id property="id" column="id"/>
		<association property="type" column="typeId" select="getType"></association>
	</resultMap>
	<select id="getType" resultType="Type">
		select * from type where id=#{id}
	</select>
	
	<!-- 删除一本书 -->
	<delete id="deleteBook" parameterType="int">
		delete from book where id=#{id}
	</delete>
	
	<!-- 查询所有用户 -->
	<select id="findUser" resultType="User">
		select * from user
	</select>
	
	<!-- 用户分页 -->
	<select id="findAllUserFy" resultType="User">
		select * from user limit #{0},#{1}
	</select>
	
	<!-- 删除一个用户 -->
	<delete id="deleteUser" parameterType="int">
		delete from user where id=#{id}
	</delete>
	
	<!-- 查询一个用户 -->
	<select id="findByuserid" resultType="User">
		select * from user where id=#{id}
	</select>
	
	<!-- 修改用户 -->
	<update id="updateuser" parameterType="User">
		update user set name=#{name},password=#{password},truename=#{truename},email=#{email},phone=#{phone},company=#{company},address=#{address},isadmin=#{isadmin} where id=#{id}
	</update>
	
	<!-- 查询订单 -->
	<select id="getAllOrder" resultType="Orders" resultMap="orderMap">
		select * from orders 
	</select>
	
	<select id="getAllOrderFY" resultType="Orders" resultMap="orderMap">
		select * from orders limit #{0},#{1}
	</select>
	
	<resultMap type="Orders" id="orderMap">
		<id column="id" property="id"/>
		<association property="user" column="userId" select="getUser"></association>
	</resultMap>
	<select id="getUser" resultType="User">
		select * from user where id=#{id}
	</select>
	
	<!-- 查询订单详情 -->
	<select id="finditembyorderId" parameterType="int" resultMap="orderitemMap">
		select * from orderitem where orderId=#{id}
	</select>
	<resultMap type="Orderitem" id="orderitemMap">
		<id column="id" property="id"/>
		<association property="book" column="bookId" select="getBook"></association>
	</resultMap>
	<select id="getBook" resultMap="bookMap">
		select * from book where id=#{id}
	</select>
	
	<!-- 处理订单 -->
	<update id="chuli"  parameterType="Orders">
		update orders set zhuangtai=#{0} where id=#{1}
	</update>
	
	<!-- 删除订单 -->
	<delete id="deleteorder" parameterType="int">
		delete from orders where id=#{id}
	</delete>
	
	<!-- 删除订单里面的详细订单 -->
	<delete id="deleteOrderitem" parameterType="int">
		delete from orderitem where orderId=#{orderId}
	</delete>
	
	<!-- 删除图书种类 -->
	<delete id="deletetype" parameterType="int">
		delete from type where id=#{id}
	</delete>
	
	<!-- 查询最大TypeId号 -->
	<select id="findMaxtypeid" resultType="int">
		select max(id) from type
	</select>
	
	<!-- 插入图书种类 -->
	<insert id="insertType" parameterType="Type">
		insert into type(name) values(#{name})
	</insert>
	
	<!-- 查询一个图书种类typeId -->
	<select id="findBytypeid" parameterType="int" resultType="Type">
		select * from type where id=#{id}
	</select>
	
	<!-- 查询一个图书种类是否存在 -->
	<select id="findBytypename" parameterType="Type" resultType="Type">
		select * from type where name=#{name}
	</select>
	
	<!-- 修改图书种类 -->
	<update id="updatetype" parameterType="Type">
		update type set name=#{name} where id=#{id}
	</update>
	
	<!-- 查询所有留言 -->
	<select id="findAllmessage" resultType="Message">
		select * from message
	</select>
	
	<!-- 删除留言信息 -->
	<delete id="deletemessage" parameterType="int">
		delete from message where id=#{id}
	</delete>
	
	<!-- 根据Id查询某一条回复 -->
	<select id="getByidreply" parameterType="int" resultType="Message">
		select * from message where id=#{id}
	</select>
	
	<!-- 添加回复，即修改 -->
	<update id="addreply">
		update message set reply=#{0} where id=#{1}
	</update>
	
	<!-- 留言关键字查询 -->
	<select id="findBymessageKey" resultType="Message">
		select * from message where username like #{key}
	</select>
</mapper>