<?xml version="1.0" encoding="UTF-8"?>
<!DOCTYPE mapper PUBLIC "-//mybatis.org//DTD Mapper 3.0//EN" "http://mybatis.org/dtd/mybatis-3-mapper.dtd">

<mapper namespace="com.wen.dao.BookMapper">
	
	<!-- 查询图书种类 --> 
	<select id="findAllType" resultType="Type">
		select * from type
	</select>
	
	<!-- 查询精选图书 -->
	<select id="findJingxuan" resultMap="bookMap">
		select * from book where tuijian='Y' order by uptime desc limit 0,2
	</select>
	
	<!-- 查询最新图书 -->
	<select id="findNewbook" resultMap="bookMap">
		select * from book order by uptime desc limit 0,6
	</select>
	
	<!-- 查询三本折扣书籍 -->
	<select id="findZKbook" resultMap="bookMap">
		select * from book where 10>discount limit 0,3
	</select>
	
	<!-- 查询一本书 -->
	<select id="getBook" resultMap="bookMap">
		select * from book where id=#{id}
	</select>
	
	<!-- 一对一图书对应TypeId -->
	<resultMap type="Book" id="bookMap">
		<id property="id" column="id"/>
		<result property="typeId" column="typeId"/>
		<association property="type" column="typeId" select="getType"></association>
	</resultMap>
	<select id="getType" resultType="Type">
		select * from type where id=#{id}
	</select>
	
	<!-- 查询相关图书 -->
	<select id="findBook" resultMap="bookMap">
		select * from book where typeId=#{typeId}
	</select>
	
	<!-- 查询所有图书 -->
	<select id="findAllBook" resultMap="bookMap">
		select * from book
	</select>
	
	<!-- 查询所有折扣图书 -->
	<select id="findAllZKbook" resultMap="bookMap">
		select * from book where 10>discount
	</select>
	
	<!-- 加入购物车 -->
	<insert id="addCart" parameterType="Cart">
		insert into cart(userId,bookId,number) values(#{userId},#{bookId},#{number})
	</insert>
	
	<!-- 查询对应信息 -->
	<select id="getOneCart" parameterType="int" resultType="Cart" resultMap="getCartMap">
		select * from cart where userId=#{0} and bookId=#{1}
	</select>
	
	<resultMap type="Cart" id="getCartMap">
		<id column="id" property="id"/>
		<association property="book" column="bookId" select="getBook"></association>
	</resultMap>
	
	<!-- 更新又一次加入购物车 -->
	<update id="update" parameterType="int">
		update cart set number=#{number}
	</update>
	
	<!-- 插入订单详细信息 -->
	<insert id="insertOrderitem">
		insert into orderitem(orderId,bookId,bookNum)
		values
		<foreach collection="list" item="item" separator=",">
			(#{item.orderId},#{item.bookId},#{item.bookNum})
		</foreach>
	</insert>
	
	<!-- 根据Userid删除购物车记录 -->
	<delete id="deleteCartByuserid" parameterType="int">
		delete from cart where userId=#{userId}
	</delete>
	
	<!-- 根据userid和zhuangtai查询订单 -->
	<select id="findOrderbyuserid" resultType="Orders">
		select * from orders where userId=#{0}
	</select>
	
	<!-- 查询订单详细信息<orderid> -->
	<select id="findOrderitem" resultMap="OrderitemMap">
		select * from orderitem where orderId=#{orderId}
	</select>
	
	<resultMap type="Orderitem" id="OrderitemMap">
		<id column="id" property="id"/>
		<result column="bookId" property="bookId"/>
		<result column="orderId" property="orderId"/>
		<result column="bookNum" property="bookNum"/>
		<association property="book" column="bookId" select="getBook"></association>
	</resultMap>
	
	<!-- 查询某一用户的购物车 -->
	<select id="getCartByUserId" resultMap="cartMap" parameterType="int">
		select * from cart where userId=#{id}
	</select>
	
	<resultMap type="Cart" id="cartMap">
		<id column="id" property="id"/>
		<result column="userId" property="userId"/>
		<result column="number" property="number"/>
		<result column="bookId" property="bookId"/>
		<association property="book" column="bookId" select="getBook"></association>
	</resultMap>
	
	<!-- 插入新的订单 -->
	<insert id="insertOrder" parameterType="Orders">
		insert into orders(userId,totalprice,orderTime,zhuangtai) values(#{userId},#{totalprice},#{orderTime},#{zhuangtai})
	</insert>
	
	<!-- 查询最大订单ID号 -->
	<select id="MaxOrderId" resultType="int">
		select max(id) from orders
	</select>
	
	
	<!-- 查询最大回复ID号 -->
	<select id="MaxReplyId" resultType="int">
		select max(id) from message
	</select>
	
	<!-- 插入一条回复 -->
	<insert id="insertReply" parameterType="Message">
		insert into message(username,phone,content,reply) values(#{username},#{phone},#{content},#{reply})
	</insert>
</mapper>